Workbook

Sheet Property_Listings_RAW
A1: Listing ID | B1: Property Address | C1: City | D1: State | E1: Zip Code | F1: Property Type | G1: List Price | H1: Bedrooms | I1: Agent Name
A2: 1001 | B2: 456 Maple Ave | C2: Manresa | D2: California | F2: single family | G2: 520000 | H2: 2 | I2: Mike Chen
A3: 1002 | B3: 606 Spruce St | C3: Manresa | D3: California | E3: 94030 | F3: Single Family | G3: 520000 | H3: 3 | I3: Mike Chen
A4: 1003 | B4: 707 Willow Ave | C4: Manresa | D4: California | F4: TOWNHOUSE | G4: 710000 | I4: priya patel
A5: 1004 | B5: 101 Birch Ln | C5: Manresa | D5: California | F5: Single Family | G5: 520000 | H5: 3 | I5: Priya Patel
A6: 1005 | B6: 202 Cedar Ct | C6: manresa | D6: CA | E6: 94344 | F6: Single Family | G6: 450000 | H6: 3 | I6: John Smith
A7: 1006 | B7: 303 Elm Dr | C7: MANRESA | D7: California | F7: Single Family | G7: 710000 | H7: 3 | I7: Mike Chen
A8: 1007 | B8: 456 Maple Ave | C8: Manresa | D8: CA | E8: 94849 | F8: TOWNHOUSE | G8: $599,000 | H8: 4 | I8: Mike Chen
A9: 1008 | B9: 101 Birch Ln | C9: Manresa | D9: CA | E9: 94791 | F9: Condo | G9: 450000 | H9: 3 | I9: John Smith
A10: 1009 | B10: 404 Walnut Way | C10: MANRESA | D10: ca | E10: 94373 | F10: single family | G10: 675000 | H10: 4 | I10: J. Smith
A11: 1010 | B11: 202 Cedar Ct | C11: Manresa | D11: California | E11: 94546 | F11: TOWNHOUSE | G11: 520000 | H11: 3 | I11: priya patel
A12: 1011 | B12: 404 Walnut Way | C12: MANRESA | D12: California | E12: 94224 | F12: TOWNHOUSE | G12: 675000 | H12: 2 | I12: J. Smith
A13: 1012 | B13: 123 Oak Street | C13: MANRESA | D13: ca | F13: single family | G13: $599,000 | H13: 4 | I13: J. Smith
A14: 1013 | B14: 505 Chestnut Blvd | C14: Manresa | D14: California | E14: 94271 | F14: single family | G14: 520000 | I14: Mike Chen
A15: 1014 | B15: 202 Cedar Ct | C15: Manresa | D15: California | E15: 94224 | F15: single family | G15: $599,000 | H15: 3 | I15: John Smith
A16: 1015 | B16: 123 Oak Street | C16: Manresa | D16: CA | E16: 94811 | F16: TOWNHOUSE | G16: 480,000 | I16: John Smith
A17: 1016 | B17: 404 Walnut Way | C17: Manresa | D17: California | E17: 94541 | F17: Condo | G17: $599,000 | H17: 2 | I17: Mike Chen
A18: 1017 | B18: 456 Maple Ave | C18: MANRESA | D18: California | E18: 94300 | F18: condo | G18: 520000 | H18: 3 | I18: John Smith
A19: 1018 | B19: 202 Cedar Ct | C19: manresa | D19: California | E19: 94891 | F19: TOWNHOUSE | G19: 675000 | I19: Mike Chen
A20: 1019 | B20: 101 Birch Ln | C20: manresa | D20: ca | E20: 94552 | F20: Townhouse | G20: 450000 | I20: Priya Patel
A21: 1020 | B21: 505 Chestnut Blvd | C21: Manresa | D21: CA | E21: 94899 | F21: Condo | G21: 520000 | H21: 2 | I21: J. Smith
A22: 1021 | B22: 707 Willow Ave | C22: Manresa | D22: CA | E22: 94835 | F22: Single Family | G22: $599,000 | H22: 3 | I22: J. Smith
A23: 1022 | B23: 505 Chestnut Blvd | C23: manresa | D23: ca | E23: 94621 | F23: condo | G23: 520000 | I23: Mike Chen
A24: 1023 | B24: 101 Birch Ln | C24: MANRESA | D24: ca | E24: 94665 | F24: Condo | G24: 480,000 | I24: priya patel
A25: 1024 | B25: 456 Maple Ave | C25: manresa | D25: CA | F25: Single Family | G25: $599,000 | I25: J. Smith
A26: 1025 | B26: 707 Willow Ave | C26: manresa | D26: CA | F26: TOWNHOUSE | G26: 450000 | H26: 3 | I26: John Smith
A27: 1004 | B27: 101 Birch Ln | C27: Manresa | D27: California | F27: Single Family | G27: 520000 | H27: 3 | I27: Priya Patel
A28: 1008 | B28: 101 Birch Ln | C28: Manresa | D28: CA | E28: 94791 | F28: Condo | G28: 450000 | H28: 3 | I28: John Smith
A29: 1013 | B29: 505 Chestnut Blvd | C29: Manresa | D29: California | E29: 94271 | F29: single family | G29: 520000 | I29: Mike Chen

Sheet Historical_Sales
A1: Listing ID | B1: Last Sale Date | C1: Last Sale Price | D1: Days on Market
A2: 1003 | B2: 2024-04-09 | C2: 654496 | D2: 37
A3: 1004 | B3: 2024-12-19 | C3: 647815 | D3: 41
A4: 1005 | B4: 2024-07-07 | C4: 449453 | D4: 22
A5: 1006 | B5: 2024-06-14 | C5: 615535 | D5: 69
A6: 1008 | B6: 2024-11-21 | C6: 451599 | D6: 17
A7: 1009 | B7: 2024-06-26 | C7: 457288 | D7: 41
A8: 1010 | B8: 2024-09-15 | C8: 473495 | D8: 64
A9: 1011 | B9: 2024-08-08 | C9: 439523 | D9: 66
A10: 1012 | B10: 2024-09-04 | C10: 426522 | D10: 93
A11: 1014 | B11: 2024-02-25 | C11: 523930 | D11: 31
A12: 1015 | B12: 2024-08-07 | C12: 610260 | D12: 17
A13: 1016 | B13: 2024-01-13 | C13: 539042 | D13: 110
... A21: 1025 | B21: 2024-11-19 | C21: 696341 | D21: 76

Sheet Cleaned_Listings
A1: Listing ID | B1: Property Address | C1: City | D1: State | E1: Zip Code | F1: Property Type | G1: List Price | H1: Bedrooms | I1: Agent Name | J1: Last Sale Price | K1: Days on Market
A2: 1001 | B2: 456 Maple Ave | C2: =PROPER(TRIM("Manresa")) -> Manresa | D2: =PROPER(TRIM("California")) -> California | E2: =IF("Unknown"="","Unknown","Unknown") -> Unknown | F2: =PROPER(TRIM("single family")) -> Single Family | G2: 520000 | H2: 2 | I2: =PROPER(TRIM("Mike Chen")) -> Mike Chen | J2: =IFERROR(INDEX(Historical_Sales!$C:$C,MATCH(A2,Historical_Sales!$A:$A,0)),"No Sale History") -> No Sale History | K2: =IFERROR(INDEX(Historical_Sales!$D:$D,MATCH(A2,Historical_Sales!$A:$A,0)),"No Sale History") -> No Sale History
A3: 1002 | B3: 606 Spruce St | C3: =PROPER(TRIM("Manresa")) -> Manresa | D3: =PROPER(TRIM("California")) -> California | E3: =IF("94030"="","Unknown","94030") -> 94030 | F3: =PROPER(TRIM("Single Family")) -> Single Family | G3: 520000 | H3: 3 | I3: =PROPER(TRIM("Mike Chen")) -> Mike Chen | J3: =IFERROR(INDEX(Historical_Sales!$C:$C,MATCH(A3,Historical_Sales!$A:$A,0)),"No Sale History") -> No Sale History | K3: =IFERROR(INDEX(Historical_Sales!$D:$D,MATCH(A3,Historical_Sales!$A:$A,0)),"No Sale History") -> No Sale History
A4: 1003 | B4: 707 Willow Ave | C4: =PROPER(TRIM("Manresa")) -> Manresa | D4: =PROPER(TRIM("California")) -> California | E4: =IF("Unknown"="","Unknown","Unknown") -> Unknown | F4: =PROPER(TRIM("TOWNHOUSE")) -> Townhouse | G4: 710000 | I4: =PROPER(TRIM("priya patel")) -> Priya Patel | J4: =IFERROR(INDEX(Historical_Sales!$C:$C,MATCH(A4,Historical_Sales!$A:$A,0)),"No Sale History") -> 654496 | K4: =IFERROR(INDEX(Historical_Sales!$D:$D,MATCH(A4,Historical_Sales!$A:$A,0)),"No Sale History") -> 37
A5: 1004 | B5: 101 Birch Ln | C5: =PROPER(TRIM("Manresa ")) -> Manresa | D5: =PROPER(TRIM("California")) -> California | E5: =IF("Unknown"="","Unknown","Unknown") -> Unknown | F5: =PROPER(TRIM("Single Family")) -> Single Family | G5: 520000 | H5: 3 | I5: =PROPER(TRIM("Priya Patel")) -> Priya Patel | J5: =IFERROR(INDEX(Historical_Sales!$C:$C,MATCH(A5,Historical_Sales!$A:$A,0)),"No Sale History") -> 647815 | K5: =IFERROR(INDEX(Historical_Sales!$D:$D,MATCH(A5,Historical_Sales!$A:$A,0)),"No Sale History") -> 41
A6: 1005 | B6: 202 Cedar Ct | C6: =PROPER(TRIM("manresa")) -> Manresa | D6: =UPPER(TRIM("CA")) -> CA | E6: =IF("94344"="","Unknown","94344") -> 94344 | F6: =PROPER(TRIM("Single Family")) -> Single Family | G6: 450000 | H6: 3 | I6: =PROPER(TRIM("John Smith")) -> John Smith | J6: =IFERROR(INDEX(Historical_Sales!$C:$C,MATCH(A6,Historical_Sales!$A:$A,0)),"No Sale History") -> 449453 | K6: =IFERROR(INDEX(Historical_Sales!$D:$D,MATCH(A6,Historical_Sales!$A:$A,0)),"No Sale History") -> 22
A7: 1006 | B7: 303 Elm Dr | C7: =PROPER(TRIM("MANRESA")) -> Manresa | D7: =PROPER(TRIM("California")) -> California | E7: =IF("Unknown"="","Unknown","Unknown") -> Unknown | F7: =PROPER(TRIM("Single Family")) -> Single Family | G7: 710000 | H7: 3 | I7: =PROPER(TRIM("Mike Chen")) -> Mike Chen | J7: =IFERROR(INDEX(Historical_Sales!$C:$C,MATCH(A7,Historical_Sales!$A:$A,0)),"No Sale History") -> 615535 | K7: =IFERROR(INDEX(Historical_Sales!$D:$D,MATCH(A7,Historical_Sales!$A:$A,0)),"No Sale History") -> 69
A8: 1007 | B8: 456 Maple Ave | C8: =PROPER(TRIM("Manresa ")) -> Manresa | D8: =UPPER(TRIM("CA")) -> CA | E8: =IF("94849"="","Unknown","94849") -> 94849 | F8: =PROPER(TRIM("TOWNHOUSE")) -> Townhouse | G8: 599000 | H8: 4 | I8: =PROPER(TRIM("Mike Chen")) -> Mike Chen | J8: =IFERROR(INDEX(Historical_Sales!$C:$C,MATCH(A8,Historical_Sales!$A:$A,0)),"No Sale History") -> No Sale History | K8: =IFERROR(INDEX(Historical_Sales!$D:$D,MATCH(A8,Historical_Sales!$A:$A,0)),"No Sale History") -> No Sale History
A9: 1008 | B9: 101 Birch Ln | C9: =PROPER(TRIM("Manresa")) -> Manresa | D9: =UPPER(TRIM("CA")) -> CA | E9: =IF("94791"="","Unknown","94791") -> 94791 | F9: =PROPER(TRIM("Condo")) -> Condo | G9: 450000 | H9: 3 | I9: =PROPER(TRIM("John Smith")) -> John Smith | J9: =IFERROR(INDEX(Historical_Sales!$C:$C,MATCH(A9,Historical_Sales!$A:$A,0)),"No Sale History") -> 451599 | K9: =IFERROR(INDEX(Historical_Sales!$D:$D,MATCH(A9,Historical_Sales!$A:$A,0)),"No Sale History") -> 17
A10: 1009 | B10: 404 Walnut Way | C10: =PROPER(TRIM("MANRESA")) -> Manresa | D10: =UPPER(TRIM("ca")) -> CA | E10: =IF("94373"="","Unknown","94373") -> 94373 | F10: =PROPER(TRIM("single family")) -> Single Family | G10: 675000 | H10: 4 | I10: =PROPER(TRIM("J. Smith")) -> J. Smith | J10: =IFERROR(INDEX(Historical_Sales!$C:$C,MATCH(A10,Historical_Sales!$A:$A,0)),"No Sale History") -> 457288 | K10: =IFERROR(INDEX(Historical_Sales!$D:$D,MATCH(A10,Historical_Sales!$A:$A,0)),"No Sale History") -> 41
A11: 1010 | B11: 202 Cedar Ct | C11: =PROPER(TRIM("Manresa")) -> Manresa | D11: =PROPER(TRIM("California")) -> California | E11: =IF("94546"="","Unknown","94546") -> 94546 | F11: =PROPER(TRIM("TOWNHOUSE")) -> Townhouse | G11: 520000 | H11: 3 | I11: =PROPER(TRIM("priya patel")) -> Priya Patel | J11: =IFERROR(INDEX(Historical_Sales!$C:$C,MATCH(A11,Historical_Sales!$A:$A,0)),"No Sale History") -> 473495 | K11: =IFERROR(INDEX(Historical_Sales!$D:$D,MATCH(A11,Historical_Sales!$A:$A,0)),"No Sale History") -> 64
A12: 1011 | B12: 404 Walnut Way | C12: =PROPER(TRIM("MANRESA")) -> Manresa | D12: =PROPER(TRIM("California")) -> California | E12: =IF("94224"="","Unknown","94224") -> 94224 | F12: =PROPER(TRIM("TOWNHOUSE")) -> Townhouse | G12: 675000 | H12: 2 | I12: =PROPER(TRIM("J. Smith")) -> J. Smith | J12: =IFERROR(INDEX(Historical_Sales!$C:$C,MATCH(A12,Historical_Sales!$A:$A,0)),"No Sale History") -> 439523 | K12: =IFERROR(INDEX(Historical_Sales!$D:$D,MATCH(A12,Historical_Sales!$A:$A,0)),"No Sale History") -> 66
A13: 1012 | B13: 123 Oak Street | C13: =PROPER(TRIM("MANRESA")) -> Manresa | D13: =UPPER(TRIM("ca")) -> CA | E13: =IF("Unknown"="","Unknown","Unknown") -> Unknown | F13: =PROPER(TRIM("single family")) -> Single Family | G13: 599000 | H13: 4 | I13: =PROPER(TRIM("J. Smith")) -> J. Smith | J13: =IFERROR(INDEX(Historical_Sales!$C:$C,MATCH(A13,Historical_Sales!$A:$A,0)),"No Sale History") -> 426522 | K13: =IFERROR(INDEX(Historical_Sales!$D:$D,MATCH(A13,Historical_Sales!$A:$A,0)),"No Sale History") -> 93
A14: 1013 | B14: 505 Chestnut Blvd | C14: =PROPER(TRIM("Manresa ")) -> Manresa | D14: =PROPER(TRIM("California")) -> California | E14: =IF("94271"="","Unknown","94271") -> 94271 | F14: =PROPER(TRIM("single family")) -> Single Family | G14: 520000 | I14: =PROPER(TRIM("Mike Chen")) -> Mike Chen | J14: =IFERROR(INDEX(Historical_Sales!$C:$C,MATCH(A14,Historical_Sales!$A:$A,0)),"No Sale History") -> No Sale History | K14: =IFERROR(INDEX(Historical_Sales!$D:$D,MATCH(A14,Historical_Sales!$A:$A,0)),"No Sale History") -> No Sale History
A15: 1014 | B15: 202 Cedar Ct | C15: =PROPER(TRIM("Manresa ")) -> Manresa | D15: =PROPER(TRIM("California")) -> California | E15: =IF("94224"="","Unknown","94224") -> 94224 | F15: =PROPER(TRIM("single family")) -> Single Family | G15: 599000 | H15: 3 | I15: =PROPER(TRIM("John Smith")) -> John Smith | J15: =IFERROR(INDEX(Historical_Sales!$C:$C,MATCH(A15,Historical_Sales!$A:$A,0)),"No Sale History") -> 523930 | K15: =IFERROR(INDEX(Historical_Sales!$D:$D,MATCH(A15,Historical_Sales!$A:$A,0)),"No Sale History") -> 31
A16: 1015 | B16: 123 Oak Street | C16: =PROPER(TRIM("Manresa")) -> Manresa | D16: =UPPER(TRIM("CA")) -> CA | E16: =IF("94811"="","Unknown","94811") -> 94811 | F16: =PROPER(TRIM("TOWNHOUSE")) -> Townhouse | G16: 480000 | I16: =PROPER(TRIM("John Smith")) -> John Smith | J16: =IFERROR(INDEX(Historical_Sales!$C:$C,MATCH(A16,Historical_Sales!$A:$A,0)),"No Sale History") -> 610260 | K16: =IFERROR(INDEX(Historical_Sales!$D:$D,MATCH(A16,Historical_Sales!$A:$A,0)),"No Sale History") -> 17
A17: 1016 | B17: 404 Walnut Way | C17: =PROPER(TRIM("Manresa ")) -> Manresa | D17: =PROPER(TRIM("California")) -> California | E17: =IF("94541"="","Unknown","94541") -> 94541 | F17: =PROPER(TRIM("Condo")) -> Condo | G17: 599000 | H17: 2 | I17: =PROPER(TRIM("Mike Chen")) -> Mike Chen | J17: =IFERROR(INDEX(Historical_Sales!$C:$C,MATCH(A17,Historical_Sales!$A:$A,0)),"No Sale History") -> 539042 | K17: =IFERROR(INDEX(Historical_Sales!$D:$D,MATCH(A17,Historical_Sales!$A:$A,0)),"No Sale History") -> 110
A18: 1017 | B18: 456 Maple Ave | C18: =PROPER(TRIM("MANRESA")) -> Manresa | D18: =PROPER(TRIM("California")) -> California | E18: =IF("94300"="","Unknown","94300") -> 94300 | F18: =PROPER(TRIM("condo ")) -> Condo | G18: 520000 | H18: 3 | I18: =PROPER(TRIM("John Smith")) -> John Smith | J18: =IFERROR(INDEX(Historical_Sales!$C:$C,MATCH(A18,Historical_Sales!$A:$A,0)),"No Sale History") -> 691382 | K18: =IFERROR(INDEX(Historical_Sales!$D:$D,MATCH(A18,Historical_Sales!$A:$A,0)),"No Sale History") -> 94
A19: 1018 | B19: 202 Cedar Ct | C19: =PROPER(TRIM("manresa")) -> Manresa | D19: =PROPER(TRIM("California")) -> California | E19: =IF("94891"="","Unknown","94891") -> 94891 | F19: =PROPER(TRIM("TOWNHOUSE")) -> Townhouse | G19: 675000 | I19: =PROPER(TRIM("Mike Chen")) -> Mike Chen | J19: =IFERROR(INDEX(Historical_Sales!$C:$C,MATCH(A19,Historical_Sales!$A:$A,0)),"No Sale History") -> 555560 | K19: =IFERROR(INDEX(Historical_Sales!$D:$D,MATCH(A19,Historical_Sales!$A:$A,0)),"No Sale History") -> 37
A20: 1019 | B20: 101 Birch Ln | C20: =PROPER(TRIM("manresa")) -> Manresa | D20: =UPPER(TRIM("ca")) -> CA | E20: =IF("94552"="","Unknown","94552") -> 94552 | F20: =PROPER(TRIM("Townhouse")) -> Townhouse | G20: 450000 | I20: =PROPER(TRIM("Priya Patel")) -> Priya Patel | J20: =IFERROR(INDEX(Historical_Sales!$C:$C,MATCH(A20,Historical_Sales!$A:$A,0)),"No Sale History") -> No Sale History | K20: =IFERROR(INDEX(Historical_Sales!$D:$D,MATCH(A20,Historical_Sales!$A:$A,0)),"No Sale History") -> No Sale History
A21: 1020 | B21: 505 Chestnut Blvd | C21: =PROPER(TRIM("Manresa")) -> Manresa | D21: =UPPER(TRIM("CA")) -> CA | E21: =IF("94899"="","Unknown","94899") -> 94899 | F21: =PROPER(TRIM("Condo")) -> Condo | G21: 520000 | H21: 2 | I21: =PROPER(TRIM("J. Smith")) -> J. Smith | J21: =IFERROR(INDEX(Historical_Sales!$C:$C,MATCH(A21,Historical_Sales!$A:$A,0)),"No Sale History") -> 564419 | K21: =IFERROR(INDEX(Historical_Sales!$D:$D,MATCH(A21,Historical_Sales!$A:$A,0)),"No Sale History") -> 17
A22: 1021 | B22: 707 Willow Ave | C22: =PROPER(TRIM("Manresa")) -> Manresa | D22: =UPPER(TRIM("CA")) -> CA | E22: =IF("94835"="","Unknown","94835") -> 94835 | F22: =PROPER(TRIM("Single Family")) -> Single Family | G22: 599000 | H22: 3 | I22: =PROPER(TRIM("J. Smith")) -> J. Smith | J22: =IFERROR(INDEX(Historical_Sales!$C:$C,MATCH(A22,Historical_Sales!$A:$A,0)),"No Sale History") -> 678463 | K22: =IFERROR(INDEX(Historical_Sales!$D:$D,MATCH(A22,Historical_Sales!$A:$A,0)),"No Sale History") -> 30
A23: 1022 | B23: 505 Chestnut Blvd | C23: =PROPER(TRIM("manresa")) -> Manresa | D23: =UPPER(TRIM("ca")) -> CA | E23: =IF("94621"="","Unknown","94621") -> 94621 | F23: =PROPER(TRIM("condo ")) -> Condo | G23: 520000 | I23: =PROPER(TRIM("Mike Chen")) -> Mike Chen | J23: =IFERROR(INDEX(Historical_Sales!$C:$C,MATCH(A23,Historical_Sales!$A:$A,0)),"No Sale History") -> 497425 | K23: =IFERROR(INDEX(Historical_Sales!$D:$D,MATCH(A23,Historical_Sales!$A:$A,0)),"No Sale History") -> 18
A24: 1023 | B24: 101 Birch Ln | C24: =PROPER(TRIM("MANRESA")) -> Manresa | D24: =UPPER(TRIM("ca")) -> CA | E24: =IF("94665"="","Unknown","94665") -> 94665 | F24: =PROPER(TRIM("Condo")) -> Condo | G24: 480000 | I24: =PROPER(TRIM("priya patel")) -> Priya Patel | J24: =IFERROR(INDEX(Historical_Sales!$C:$C,MATCH(A24,Historical_Sales!$A:$A,0)),"No Sale History") -> 523314 | K24: =IFERROR(INDEX(Historical_Sales!$D:$D,MATCH(A24,Historical_Sales!$A:$A,0)),"No Sale History") -> 61
A25: 1024 | B25: 456 Maple Ave | C25: =PROPER(TRIM("manresa")) -> Manresa | D25: =UPPER(TRIM("CA")) -> CA | E25: =IF("Unknown"="","Unknown","Unknown") -> Unknown | F25: =PROPER(TRIM("Single Family")) -> Single Family | G25: 599000 | I25: =PROPER(TRIM("J. Smith")) -> J. Smith | J25: =IFERROR(INDEX(Historical_Sales!$C:$C,MATCH(A25,Historical_Sales!$A:$A,0)),"No Sale History") -> 420836 | K25: =IFERROR(INDEX(Historical_Sales!$D:$D,MATCH(A25,Historical_Sales!$A:$A,0)),"No Sale History") -> 89
A26: 1025 | B26: 707 Willow Ave | C26: =PROPER(TRIM("manresa")) -> Manresa | D26: =UPPER(TRIM("CA")) -> CA | E26: =IF("Unknown"="","Unknown","Unknown") -> Unknown | F26: =PROPER(TRIM("TOWNHOUSE")) -> Townhouse | G26: 450000 | H26: 3 | I26: =PROPER(TRIM("John Smith")) -> John Smith | J26: =IFERROR(INDEX(Historical_Sales!$C:$C,MATCH(A26,Historical_Sales!$A:$A,0)),"No Sale History") -> 696341 | K26: =IFERROR(INDEX(Historical_Sales!$D:$D,MATCH(A26,Historical_Sales!$A:$A,0)),"No Sale History") -> 76
